<?xml version="1.0" encoding="UTF-8" standalone="yes"?>
<configuration debug="false" scan="false">
  <statusListener class="ch.qos.logback.core.status.OnConsoleStatusListener"/>

  <appender name="logstash-access" class="ch.qos.logback.core.ConsoleAppender">
        <encoder class="net.logstash.logback.encoder.LogstashAccessEncoder">
            <customFields>{"appname":"oms"}</customFields>
            <fieldNames>
                <fieldsRequestHeaders>@fields.request_headers</fieldsRequestHeaders>
                <fieldsResponseHeaders>@fields.response_headers</fieldsResponseHeaders>
                <fieldsRequestedUrl>@fields.requested_url</fieldsRequestedUrl>
                <fieldsStatusCode>@fields.status_code</fieldsStatusCode>
            </fieldNames>
        </encoder>
  </appender>

  <appender-ref ref="logstash-access"/>

</configuration>